Model,Model,Energy,Energy,Energy,Forces,Forces,Forces
Name,Label,e_r2,e_mae,e_rmse,f_r2,f_mae,f_rmse
DPA3-v2-OpenLAM,deepmd,0.9494327506,0.09851702272612518,0.10410172517875883,0.5414918299,0.3909516828322018,0.5025286427213776
DPA3-v2-MPtrj,deepmd,0.91424253,0.12927799614960891,0.13556864068485858,-0.6497265103,0.6793223728696134,0.9532202452581576
GRACE-2L-OAM,grace,0.9509186948,0.09916356628570802,0.10256077950426867,0.381610163,0.4865462747679091,0.58360425918525
